INSERT INTO campus (campus_id, campus_name) VALUES
('MAF', 'Mafikeng'),
('POT', 'Potchefstroom'),
('VAN', 'Vanderbijlpark')
ON CONFLICT (campus_id) DO NOTHING;

INSERT INTO building (campus_id, building_code) VALUES
('MAF', 'A16'),
('POT', 'F17'),
('VAN', 'F11')
ON CONFLICT (campus_id, building_code) DO NOTHING;

INSERT INTO role (role_id, role_name) VALUES
('ADMIN', 'Administrator'),
('STAFF', 'Staff')
ON CONFLICT (role_id) DO NOTHING;

INSERT INTO staff_member (staff_num, staff_fname, staff_lname, staff_email, staff_password_hash, role_id) VALUES
(38482828, 'Konkekwethu', 'Mxovi', '38482828@nwu.ac.za', '$2b$12$U2/WhtwKCUMhpyz7lCMKZuAx1EnDU6bm5A9pZ.xL94uE8uDFkEp8K', 'ADMIN'),
(42344066, 'Mulweli', 'Raphulu', '42344066@nwu.ac.za', '$2y$08$Iq4KiQ6bWSVTVeRFUCX3QeK.gQG8FX5enykLjf9/HAtD8gH5Bi77S', 'STAFF'),
(43023037, 'Karabo', 'Mkhondo', '43023037@nwu.ac.za', '$2b$12$teV4HA9ypdsCFQzSaYrVLe6LyTdOF8T8uuF6WpELUPXpG4LJ9yhy6', 'ADMIN'),
(43553638, 'Toko', 'Mkhize', '43553638@nwu.ac.za', '$2b$12$okbd9Jh4lSXbah8TUVCp4elcTjqrRJpCPSF6LV77uuPHe.gCS4mnu', 'STAFF'),
(45186693, 'Tebogo', 'Semela', '45186693@nwu.ac.za', '$2b$12$1zJCG4megYrFv3Q11pXaa.OeebbfoTulqeU.85y89Tlygd6STIyt2', 'STAFF'),
(46542918, 'Ofemetse', 'Likwe', '46542918@nwu.ac.za', '$2b$12$NMu7jNSyolZsN0xAV.QcA.MWZp1O5fGQNCLYDIs60D0II.A/xiC0K', 'STAFF'),
(48285842, 'Siyamthanda', 'Sibanza', '48285842@nwu.ac.za', '$2b$12$HVCkyaXlJCB.AmzmmGznC.g2CH6euZ1jMLMNkDt0HzRFxvbSihwy6', 'STAFF'),
(50239328, 'Happiness', 'Mkhohlwa', '50239328@nwu.ac.za', '$2b$12$OuAyYqEG7X0GcFpLjhauGe6V.BPGA5Wjzs4h5HIfycByQ93Ve0hfW', 'STAFF'),
(54199178, 'Asonele', 'Moriri', '54199178@nwu.ac.za', '$2b$12$2QTINnquLLRbohLHsLamWOSnZGbsxLBMiFBZ9JolkqnoAyfkziIhK', 'STAFF'),
(31000001, 'Thabo', 'Mokoena', '31000001@nwu.ac.za', '$2b$12$okbd9Jh4lSXbah8TUVCp4elcTjqrRJpCPSF6LV77uuPHe.gCS4mnu', 'STAFF'),
(31000002, 'Lerato', 'Dlamini', '31000002@nwu.ac.za', '$2b$12$okbd9Jh4lSXbah8TUVCp4elcTjqrRJpCPSF6LV77uuPHe.gCS4mnu', 'STAFF'),
(31000003, 'Sibusiso', 'Zuma', '31000003@nwu.ac.za', '$2b$12$okbd9Jh4lSXbah8TUVCp4elcTjqrRJpCPSF6LV77uuPHe.gCS4mnu', 'STAFF'),
(31000004, 'Naledi', 'Khumalo', '31000004@nwu.ac.za', '$2b$12$okbd9Jh4lSXbah8TUVCp4elcTjqrRJpCPSF6LV77uuPHe.gCS4mnu', 'STAFF'),
(31000005, 'Willem', 'Botha', '31000005@nwu.ac.za', '$2b$12$okbd9Jh4lSXbah8TUVCp4elcTjqrRJpCPSF6LV77uuPHe.gCS4mnu', 'STAFF'),
(32000001, 'Johan', 'Van der Merwe', '32000001@nwu.ac.za', '$2b$12$okbd9Jh4lSXbah8TUVCp4elcTjqrRJpCPSF6LV77uuPHe.gCS4mnu', 'STAFF'),
(32000002, 'Fatima', 'Patel', '32000002@nwu.ac.za', '$2b$12$okbd9Jh4lSXbah8TUVCp4elcTjqrRJpCPSF6LV77uuPHe.gCS4mnu', 'STAFF'),
(32000003, 'Zandile', 'Ndlovu', '32000003@nwu.ac.za', '$2b$12$okbd9Jh4lSXbah8TUVCp4elcTjqrRJpCPSF6LV77uuPHe.gCS4mnu', 'STAFF'),
(32000004, 'Sipho', 'Nkosi', '32000004@nwu.ac.za', '$2b$12$okbd9Jh4lSXbah8TUVCp4elcTjqrRJpCPSF6LV77uuPHe.gCS4mnu', 'STAFF'),
(32000005, 'Annelie', 'Pretorius', '32000005@nwu.ac.za', '$2b$12$okbd9Jh4lSXbah8TUVCp4elcTjqrRJpCPSF6LV77uuPHe.gCS4mnu', 'STAFF'),
(33000001, 'Bonga', 'Sithole', '33000001@nwu.ac.za', '$2b$12$okbd9Jh4lSXbah8TUVCp4elcTjqrRJpCPSF6LV77uuPHe.gCS4mnu', 'STAFF'),
(33000002, 'Candice', 'Naidoo', '33000002@nwu.ac.za', '$2b$12$okbd9Jh4lSXbah8TUVCp4elcTjqrRJpCPSF6LV77uuPHe.gCS4mnu', 'STAFF'),
(33000003, 'Kabelo', 'Modise', '33000003@nwu.ac.za', '$2b$12$okbd9Jh4lSXbah8TUVCp4elcTjqrRJpCPSF6LV77uuPHe.gCS4mnu', 'STAFF'),
(33000004, 'Lindiwe', 'Mabuza', '33000004@nwu.ac.za', '$2b$12$okbd9Jh4lSXbah8TUVCp4elcTjqrRJpCPSF6LV77uuPHe.gCS4mnu', 'STAFF'),
(33000005, 'Pieter', 'Burger', '33000005@nwu.ac.za', '$2b$12$okbd9Jh4lSXbah8TUVCp4elcTjqrRJpCPSF6LV77uuPHe.gCS4mnu', 'STAFF')
ON CONFLICT (staff_num) DO NOTHING;

INSERT INTO campus_staff_assignment (staff_num, campus_id) VALUES
(42344066, 'MAF'), (43023037, 'MAF'), (43023037, 'POT'), (43023037, 'VAN'),
(43553638, 'POT'), (45186693, 'POT'), (46542918, 'MAF'), (48285842, 'VAN'),
(50239328, 'POT'), (54199178, 'VAN'),
(31000001, 'MAF'), (31000002, 'MAF'), (31000003, 'MAF'), (31000004, 'MAF'), (31000005, 'MAF'),
(32000001, 'POT'), (32000002, 'POT'), (32000003, 'POT'), (32000004, 'POT'), (32000005, 'POT'),
(33000001, 'VAN'), (33000002, 'VAN'), (33000003, 'VAN'), (33000004, 'VAN'), (33000005, 'VAN')
ON CONFLICT (staff_num, campus_id) DO NOTHING;

INSERT INTO category (category_id, category_name) OVERRIDING SYSTEM VALUE VALUES
(1, 'Computing'),
(2, 'Phones'),
(3, 'Audio'),
(4, 'Power'),
(6, 'Finances'),
(7, 'Access'),
(8, 'Bags'),
(9, 'Books'),
(10, 'Stationery'),
(12, 'Eyewear'),
(13, 'Jewelry'),
(14, 'Containers'),
(15, 'Weather'),
(16, 'Sports'),
(17, 'Keys'),
(18, 'Apparel'),
(19, 'Identification')
ON CONFLICT (category_id) DO NOTHING;

INSERT INTO claimant (claimant_num, claimant_email, claimant_fname, claimant_lname) VALUES
(43384939, '43384939@nwu.ac.za', 'Lehlogonolo', 'Mokobake'),
(41000001, '41000001@nwu.ac.za', 'Kgomotso', 'Moloi'),
(41000002, '41000002@nwu.ac.za', 'Bafana', 'Phiri'),
(41000003, '41000003@nwu.ac.za', 'Lesego', 'Tau'),
(41000004, '41000004@nwu.ac.za', 'Tshepo', 'Radebe'),
(41000005, '41000005@nwu.ac.za', 'Boipelo', 'Mahlangu'),
(41000006, '41000006@nwu.ac.za', 'Kagiso', 'Sebola'),
(42000001, '42000001@nwu.ac.za', 'Ruan', 'Venter'),
(42000002, '42000002@nwu.ac.za', 'Sanet', 'Joubert'),
(42000003, '42000003@nwu.ac.za', 'Heinrich', 'Fourie'),
(42000004, '42000004@nwu.ac.za', 'Lize', 'Nel'),
(42000005, '42000005@nwu.ac.za', 'Divan', 'Coetzee'),
(42000006, '42000006@nwu.ac.za', 'Monique', 'Steyn'),
(43000001, '43000001@nwu.ac.za', 'Avinash', 'Pillay'),
(43000002, '43000002@nwu.ac.za', 'Priya', 'Govender'),
(43000003, '43000003@nwu.ac.za', 'Thandi', 'Nhlapo'),
(43000004, '43000004@nwu.ac.za', 'Vusumuzi', 'Zondi'),
(43000005, '43000005@nwu.ac.za', 'Nomsa', 'Ngcobo'),
(43000006, '43000006@nwu.ac.za', 'Sanele', 'Mthembu')
ON CONFLICT (claimant_num) DO NOTHING;

INSERT INTO found_item (item_num, item_name, item_description, item_date_received, item_status, item_image_url, category_id, staff_num, campus_id) OVERRIDING SYSTEM VALUE VALUES
(2, 'Hyundai car keys', 'A set of keys belonging to a Hyundai vehicle, consisting of three keys and one remote fob on a silver metal ring. The primary ignition key has a black plastic head featuring the Hyundai logo.', '2026-04-20 12:43:44+00', 'in storage', 'https://rdkharqopbyimqxcklm.supabase.co/storage/v1/object/public/items/keys/carkey.jpg', 17, 43553638, 'MAF'),
(3, 'Samsung phone', 'Dark grey Samsung S9 Galaxy phone', '2026-04-22 09:00:04+00', 'in storage', 'https://rdkharqopbyimqxcklm.supabase.co/storage/v1/object/public/items/POT/images/621121.jpg', 2, 43553638, 'POT'),
(4, 'Apple smart watch', 'A black apple smart watch', '2026-04-22 15:00:00+00', 'in storage', 'https://rdkharqopbyimqxcklm.supabase.co/storage/v1/object/public/items/VAN/watch.jpg', 18, 48285842, 'VAN'),
(5, 'Football Jersey', 'Football Jersey', '2026-05-02 08:37:05.156455+00', 'in storage', 'https://rdkharqopbyimqxcklm.supabase.co/storage/v1/object/public/items/POT/2056f7e7072ea4.jpg', 18, 43553638, 'POT'),
(6, '4234* Student Card', 'A student card', '2026-05-08 16:10:40.851544+00', 'disposed', NULL, 7, 43553638, 'POT'),
(7, 'Mac Laptop', 'This item is a 13-inch Apple MacBook Air finished in the Midnight (dark metallic blue/grey) colorway. It features an ultra-thin aluminum unibody design and a Liquid Retina display characterized by a distinctive black camera notch at the top center.', '2026-05-09 09:36:11.545314+00', 'in storage', 'https://rdkharqopbyimqxcklm.supabase.co/storage/v1/object/public/items/POT/db9d3d3d4a7f01485ba521.webp', 1, 43553638, 'POT'),
(8, 'Huawei Stylus', 'A metallic silver HUAWEI stylus pen. It features a smooth, cylindrical body with a rounded top, a darker pointed tip and a slightly flattened edge along the side where the HUAWEI logo is engraved.', '2026-05-09 16:07:03.26415+00', 'in storage', 'https://rdkharqopbyimqxcklm.supabase.co/storage/v1/object/public/items/VAN/ba54f1411516471a98eef7087.jpg', 1, 54199178, 'VAN'),
(9, 'Calculator', 'It is a pink Calculator with a student number written with a black Pen.', '2026-05-09 16:44:13.002873+00', 'in storage', 'https://rdkharqopbyimqxcklm.supabase.co/storage/v1/object/public/items/MAF/1ec1a43dd1e524cafefd05fe18.jpg', 10, 42344066, 'MAF'),
(10, 'Highlighter', 'There are four different colours Of highlighters , Green , pink , yellow and blue.', '2026-05-09 16:50:31.378443+00', 'in storage', 'https://rdkharqopbyimqxcklm.supabase.co/storage/v1/object/public/items/POT/0eec0f5c010c74f4b2f481c95b21.jpg', 10, 50239328, 'POT'),
(11, 'Glasses', 'The glasses have a maroon Frame and a Grey case.', '2026-05-09 16:55:06.601941+00', 'claimed', 'https://rdkharqopbyimqxcklm.supabase.co/storage/v1/object/public/items/POT/1ea2aeb284b39ea3432d6ee11.jpg', 12, 50239328, 'POT'),
(12, 'Card Holder', 'Has a blue key ring. There is an ID inside that belongs to a Zivipho Kangqo', '2026-05-09 17:13:22.50231+00', 'in storage', 'https://rdkharqopbyimqxcklm.supabase.co/storage/v1/object/public/items/MAF/a8ee7cefdfbd83e2d711aab52.jpg', 8, 42344066, 'MAF'),
(13, 'Black JBL headphones', 'The headphones have black trim on top of earpads and they have black earpads.', '2026-05-09 17:18:26.552549+00', 'in storage', 'https://rdkharqopbyimqxcklm.supabase.co/storage/v1/object/public/items/MAF/66e0a2e3155fd681dfd80c7e9e.jpg', 3, 46542918, 'MAF'),
(14, 'Red iPhone 14', 'Has a red case with a cross at the back. On the Wallpaper is a baby girl with a ponytail in a yellow dress.', '2026-05-09 17:25:26.068019+00', 'in storage', 'https://rdkharqopbyimqxcklm.supabase.co/storage/v1/object/public/items/MAF/dd8f871a685b77c53a02d4.jpg', 2, 46542918, 'MAF'),
(15, 'Spectacles', 'Have a grey eye case from Specsavers.', '2026-05-09 17:28:41.444974+00', 'in storage', 'https://rdkharqopbyimqxcklm.supabase.co/storage/v1/object/public/items/MAF/3bd91ca312dd2ce0c8d1e4ed.jpg', 12, 42344066, 'MAF'),
(16, 'English book', 'English in perspective, blue with white and orange font book', '2026-05-09 20:24:22.673054+00', 'in storage', 'https://rdkharqopbyimqxcklm.supabase.co/storage/v1/object/public/items/VAN/2afe96bd02dbbbbfebfdd19.jpg', 9, 48285842, 'VAN'),
(17, 'Capitec bank card', 'Capitec black credit card by Mrs P Mahlangu', '2026-05-10 20:26:06.690062+00', 'in storage', NULL, 6, 48285842, 'VAN'),
(18, 'Samsung A15', 'Has A Light Blue Phone case with Standard bank Card at the back', '2026-05-12 20:34:49.667101+00', 'in storage', 'https://rdkharqopbyimqxcklm.supabase.co/storage/v1/object/public/items/POT/a51b8dc0a1b722d3b01eaf1e.jpg', 2, 50239328, 'POT'),
(19, 'Samsung A15', 'Has A Light Blue Phone case with Standard bank Card at the back', '2026-05-12 20:36:52.167756+00', 'disposed', 'https://rdkharqopbyimqxcklm.supabase.co/storage/v1/object/public/items/POT/8d0de1147bdf1a03f019b1d1.jpg', 2, 50239328, 'POT'),
(20, 'Flask', 'It is a Blue Standard bank water flask', '2026-05-12 20:38:22.469626+00', 'in storage', 'https://rdkharqopbyimqxcklm.supabase.co/storage/v1/object/public/items/POT/3c5e2dde861e952685c8e18.jpg', 14, 50239328, 'POT'),
(21, 'Handbag', 'Small black handbag with a bit of Gold.', '2026-05-12 20:41:03.626355+00', 'in storage', 'https://rdkharqopbyimqxcklm.supabase.co/storage/v1/object/public/items/POT/7e1ec4dce24bfb5a344101e2.jpg', 8, 50239328, 'POT'),
(22, 'Student Card', 'Student card with Keys and Cluster R key Holder.', '2026-05-12 20:43:24.975314+00', 'in storage', 'https://rdkharqopbyimqxcklm.supabase.co/storage/v1/object/public/items/POT/b8d231b025f1ad9ac5ebb0c2.jpg', 17, 50239328, 'POT'),
(23, 'Brown Wallet', 'Contains R450 cash, an expired ID for Kgomotso Moloi, and a PEP store receipt.', '2026-05-01 10:00:00+00', 'claimed', NULL, 6, 31000001, 'MAF'),
(24, 'Gold Signet Ring', '18k gold ring with initials "B.P." engraved on the inner band.', '2026-05-02 11:30:00+00', 'claimed', NULL, 13, 31000002, 'MAF'),
(25, 'USB Flash Drive', 'Red 64GB Kingston drive. Contains a folder named "Final_Year_Project_Lesego".', '2026-05-03 09:15:00+00', 'claimed', NULL, 1, 31000003, 'MAF'),
(26, 'Leather Diary', 'Black Moleskine diary. The entry for May 4th mentions a doctor appointment for Tshepo.', '2026-05-04 14:20:00+00', 'claimed', NULL, 10, 31000004, 'MAF'),
(27, 'Keys with Tag', 'Set of 4 keys. Contains a silver tag with "Boipelo Home" etched into it.', '2026-05-05 08:45:00+00', 'claimed', NULL, 17, 31000005, 'MAF'),
(28, 'Prescription Glasses', 'Tortoiseshell frames. Case contains a Specsavers receipt under Kagiso Sebola.', '2026-05-06 16:10:00+00', 'claimed', NULL, 12, 31000001, 'MAF'),
(29, 'Lunchbox with Food', 'Blue Tupperware containing spoiled food. Disposed due to health hazard.', '2026-02-10 12:00:00+00', 'disposed', NULL, 14, 31000002, 'MAF'),
(30, 'Broken Umbrella', 'Severely bent black umbrella with torn fabric. Unrepairable.', '2026-02-12 13:00:00+00', 'disposed', NULL, 15, 31000003, 'MAF'),
(31, 'Shattered Powerbank', 'Generic powerbank, battery swollen and casing cracked. Safety hazard.', '2026-02-15 09:30:00+00', 'disposed', NULL, 4, 31000004, 'MAF'),
(32, 'Torn Gym Towel', 'Heavily soiled and torn white towel. Left uncollected for 3 months.', '2026-02-18 10:45:00+00', 'disposed', NULL, 16, 31000005, 'MAF'),
(33, 'Broken Earbuds', 'Wired generic earphones, severed at the audio jack.', '2026-02-20 11:20:00+00', 'disposed', NULL, 3, 31000001, 'MAF'),
(34, 'Sealed Envelope', 'Brown A4 envelope marked "CONFIDENTIAL HR DOCUMENTS". Remains sealed.', '2026-05-10 09:00:00+00', 'in storage', NULL, 9, 31000002, 'MAF'),
(35, 'Unmarked Medication', 'Small ziplock bag containing prescription asthma inhaler with scratched-off label.', '2026-05-11 10:15:00+00', 'in storage', NULL, 14, 31000003, 'MAF'),
(36, 'Silver Locket', 'Silver heart locket containing a photograph of a toddler in a yellow dress.', '2026-05-12 14:30:00+00', 'in storage', NULL, 13, 31000004, 'MAF'),
(37, 'External Hard Drive', '1TB Seagate drive. A sticker on the back reads "Backup 2024 DO NOT FORMAT".', '2026-05-13 16:00:00+00', 'in storage', NULL, 1, 31000005, 'MAF'),
(38, 'Black Purse', 'Contains multiple loyalty cards and R120 cash, but no formal ID.', '2026-05-14 08:30:00+00', 'in storage', NULL, 6, 31000001, 'MAF'),
(39, 'Journal', 'Spiral-bound notebook. First page says "Property of T.M." with a phone number missing the last digit.', '2026-05-14 11:45:00+00', 'in storage', NULL, 10, 31000002, 'MAF'),
(40, 'Student Card', 'NWU Student card belonging to Ruan Venter. Found in library.', '2026-05-01 08:00:00+00', 'claimed', NULL, 19, 32000001, 'POT'),
(41, 'Pencil Case', 'Pink pencil case containing a scientific calculator with "Sanet" scratched on back.', '2026-05-02 12:15:00+00', 'claimed', NULL, 10, 32000002, 'POT'),
(42, 'Car Keys', 'VW car keys attached to a distinctive leather braided lanyard.', '2026-05-03 14:30:00+00', 'claimed', NULL, 17, 32000003, 'POT'),
(43, 'Laptop Sleeve', 'Contains a grey Dell laptop. Background is a picture of a golden retriever.', '2026-05-04 09:45:00+00', 'claimed', NULL, 8, 32000004, 'POT'),
(44, 'Men''s Wallet', 'Brown wallet with R800 cash and an ABSA bank card in the name of D. Coetzee.', '2026-05-05 15:20:00+00', 'claimed', NULL, 6, 32000005, 'POT'),
(45, 'Smartwatch', 'Garmin watch with a deeply scratched screen. Serial number ending in 889A.', '2026-05-06 10:10:00+00', 'claimed', NULL, 18, 32000001, 'POT'),
(46, 'Unclaimed Flask', 'Generic silver flask, smelled strongly of sour milk. Unsanitary.', '2026-01-10 11:00:00+00', 'disposed', NULL, 14, 32000002, 'POT'),
(47, 'Shattered Glasses', 'Reading glasses broken in half, lenses completely shattered.', '2026-01-15 14:00:00+00', 'disposed', NULL, 12, 32000003, 'POT'),
(48, 'Ripped Backpack', 'Blue backpack with broken zippers and a massive tear at the bottom.', '2026-01-20 09:15:00+00', 'disposed', NULL, 8, 32000004, 'POT'),
(49, 'Broken Calculator', 'Screen cracked, battery acid leaked into the compartment.', '2026-01-25 10:30:00+00', 'disposed', NULL, 1, 32000005, 'POT'),
(50, 'Melted Tupperware', 'Plastic container severely warped by heat, unopenable.', '2026-01-30 13:45:00+00', 'disposed', NULL, 14, 32000001, 'POT'),
(51, 'Phone in Case', 'iPhone with cracked screen protector. Lock screen shows a specific vintage car.', '2026-05-10 08:30:00+00', 'in storage', NULL, 2, 32000002, 'POT'),
(52, 'Ring Binder', 'Contains handwritten music sheets with the initials "C.v.Z." in the margins.', '2026-05-11 11:20:00+00', 'in storage', NULL, 10, 32000003, 'POT'),
(53, 'Set of Keys', '3 brass keys on a keyring that has a tiny, faded picture of a dog inside.', '2026-05-12 14:00:00+00', 'in storage', NULL, 17, 32000004, 'POT'),
(54, 'Leather Jacket', 'Black jacket with a specific dry-cleaning tag still attached to the inner pocket.', '2026-05-13 16:15:00+00', 'in storage', NULL, 18, 32000005, 'POT'),
(55, 'Cash Envelope', 'White envelope containing an undisclosed amount of cash and a handwritten grocery list.', '2026-05-14 09:00:00+00', 'in storage', NULL, 6, 32000001, 'POT'),
(56, 'Engraved Watch', 'Silver analog watch. Engraved "Happy 21st, love Mom and Dad" on the back.', '2026-05-14 12:30:00+00', 'in storage', NULL, 13, 32000002, 'POT'),
(57, 'Employee Access Card', 'Access card for Avinash Pillay. Found near F11 entrance.', '2026-05-01 07:45:00+00', 'claimed', NULL, 7, 33000001, 'VAN'),
(58, 'Designer Handbag', 'Contains a makeup bag, R300, and a driver''s license for Priya Govender.', '2026-05-02 13:10:00+00', 'claimed', NULL, 8, 33000002, 'VAN'),
(59, 'ID Book', 'Green South African ID book belonging to Thandi Nhlapo.', '2026-05-03 10:20:00+00', 'claimed', NULL, 19, 33000003, 'VAN'),
(60, 'Jacket with Wallet', 'Navy jacket containing a wallet. Wallet has Capitec card for V. Zondi.', '2026-05-04 15:30:00+00', 'claimed', NULL, 18, 33000004, 'VAN'),
(61, 'Textbook', 'Accounting textbook. Name "Nomsa Ngcobo" written on page 42.', '2026-05-05 09:00:00+00', 'claimed', NULL, 9, 33000005, 'VAN'),
(62, 'Sports Bag', 'Nike duffel bag containing rugby boots size 10 and a mouthguard. Claimed by Sanele.', '2026-05-06 14:45:00+00', 'claimed', NULL, 16, 33000001, 'VAN'),
(63, 'Soiled Lab Coat', 'Lab coat covered in unknown chemical stains. Disposed per hazmat protocols.', '2026-01-05 10:00:00+00', 'disposed', NULL, 18, 33000002, 'VAN'),
(64, 'Crushed Headphones', 'Over-ear headphones, run over by a vehicle in the parking lot.', '2026-01-10 12:15:00+00', 'disposed', NULL, 3, 33000003, 'VAN'),
(65, 'Waterlogged Notes', 'Folder of notes left in the rain, completely illegible and molded.', '2026-01-15 08:30:00+00', 'disposed', NULL, 10, 33000004, 'VAN'),
(66, 'Broken Mug', 'Ceramic coffee mug shattered into multiple sharp pieces.', '2026-01-20 14:00:00+00', 'disposed', NULL, 14, 33000005, 'VAN'),
(67, 'Expired ID Card', 'Temporary visitor card from 2024, shredded per security policy.', '2026-01-25 09:45:00+00', 'disposed', NULL, 19, 33000001, 'VAN'),
(68, 'Locked Diary', 'Small red diary with a tiny brass padlock. Unopened.', '2026-05-10 11:00:00+00', 'in storage', NULL, 10, 33000002, 'VAN'),
(69, 'USB with Cryptocoin', 'Hardware wallet USB. No identifying marks on the exterior.', '2026-05-11 13:20:00+00', 'in storage', NULL, 6, 33000003, 'VAN'),
(70, 'Unmarked Phone', 'Samsung phone with a matte black case. Lock screen has a password prompt and no wallpaper.', '2026-05-12 15:45:00+00', 'in storage', NULL, 2, 33000004, 'VAN'),
(71, 'Gold Chain', 'Thick gold chain necklace with a unique, custom-made pendant shape.', '2026-05-13 09:30:00+00', 'in storage', NULL, 13, 33000005, 'VAN'),
(72, 'Glasses in Case', 'Ray-Ban aviators inside a generic black case. The left lens has a distinct circular scratch.', '2026-05-14 10:15:00+00', 'in storage', NULL, 12, 33000001, 'VAN')
ON CONFLICT (item_num) DO NOTHING;

INSERT INTO claim (claim_num, claim_date, item_num, staff_num, claimant_num) OVERRIDING SYSTEM VALUE VALUES
(3, '2026-05-13 19:55:06.314191+00', 11, 43553638, 43384939),
(4, '2026-05-02 14:00:00+00', 23, 31000001, 41000001),
(5, '2026-05-03 10:30:00+00', 24, 31000002, 41000002),
(6, '2026-05-04 11:15:00+00', 25, 31000003, 41000003),
(7, '2026-05-05 09:20:00+00', 26, 31000004, 41000004),
(8, '2026-05-06 13:45:00+00', 27, 31000005, 41000005),
(9, '2026-05-07 15:10:00+00', 28, 31000001, 41000006),
(10, '2026-05-02 09:00:00+00', 40, 32000001, 42000001),
(11, '2026-05-03 13:15:00+00', 41, 32000002, 42000002),
(12, '2026-05-04 16:30:00+00', 42, 32000003, 42000003),
(13, '2026-05-05 10:45:00+00', 43, 32000004, 42000004),
(14, '2026-05-06 11:20:00+00', 44, 32000005, 42000005),
(15, '2026-05-07 14:10:00+00', 45, 32000001, 42000006),
(16, '2026-05-02 11:45:00+00', 57, 33000001, 43000001),
(17, '2026-05-03 14:10:00+00', 58, 33000002, 43000002),
(18, '2026-05-04 09:20:00+00', 59, 33000003, 43000003),
(19, '2026-05-05 16:30:00+00', 60, 33000004, 43000004),
(20, '2026-05-06 10:00:00+00', 61, 33000005, 43000005),
(21, '2026-05-07 13:45:00+00', 62, 33000001, 43000006)
ON CONFLICT (claim_num) DO NOTHING;